{"final_validation_loss": 1.1061005592346191, "final_validation_accuracy": 0.9408413171768188, "_timestamp": 1729987220.7133217, "_runtime": 18.93051767349243, "_step": 0, "_wandb": {"runtime": 25}}